model,accuracy,precision,recall,f1,roc_auc
random_forest,0.8333333333333334,0.8470959595959596,0.8333333333333334,0.8299707602339181,0.9493312757201645
logistic_regression,0.7777777777777778,0.7902573529411764,0.7777777777777778,0.7777310924369748,0.941358024691358
