class_name,support,per_class_accuracy,precision,recall,f1
BruteForce,18,0.8888888888888888,0.8,0.8888888888888888,0.8421052631578947
DDoS,18,0.9444444444444444,0.9444444444444444,0.9444444444444444,0.9444444444444444
Normal,18,0.8888888888888888,0.7272727272727273,0.8888888888888888,0.8
PortScan,18,0.6111111111111112,0.9166666666666666,0.6111111111111112,0.7333333333333333
